mold_code,pred,shap_top_feature,upper_mold_temp1,upper_mold_temp2,lower_mold_temp1,lower_mold_temp2,cast_pressure,sleeve_temperature,low_section_speed,Coolant_temperature
8412,0,,211.0,119.0,124.0,205.0,315.0,402.0,110.0,34.0
8412,0,,211.0,124.0,125.0,206.0,315.0,397.0,110.0,34.0
8412,0,,212.0,128.0,125.0,205.0,315.0,394.0,110.0,34.0
8412,0,,212.0,134.0,125.0,205.0,316.0,394.0,110.0,34.0
8412,0,,212.0,125.0,125.0,208.0,315.0,393.0,110.0,34.0
8412,0,,219.0,126.0,126.0,210.0,316.0,402.0,110.0,34.0
8412,0,,219.0,119.0,126.0,209.0,316.0,406.0,110.0,34.0
8412,0,,211.0,119.0,126.0,206.0,316.0,396.0,110.0,34.0
8412,0,,214.0,119.0,127.0,209.0,316.0,402.0,110.0,34.0
8412,0,,211.0,120.0,127.0,208.0,316.0,397.0,110.0,34.0
8412,0,,212.0,136.0,127.0,206.0,316.0,402.0,110.0,34.0
8412,0,,212.0,126.0,127.0,205.0,316.0,400.0,110.0,34.0
8412,0,,212.0,123.0,127.0,209.0,331.0,404.0,110.0,34.0
8412,0,,213.0,121.0,127.0,208.0,315.0,393.0,110.0,34.0
8412,0,,214.0,127.0,127.0,207.0,316.0,392.0,110.0,34.0
8412,0,,214.0,127.0,127.0,208.0,316.0,399.0,110.0,34.0
8412,0,,147.0,124.0,121.0,169.0,316.0,355.0,110.0,34.0
8412,0,,197.0,143.0,122.0,190.0,330.0,386.0,110.0,34.0
8412,0,,207.0,130.0,124.0,200.0,316.0,396.0,110.0,34.0
8412,0,,207.0,125.0,124.0,198.0,330.0,396.0,110.0,34.0
8412,0,,209.0,128.0,125.0,202.0,316.0,395.0,110.0,34.0
8412,0,,212.0,126.0,126.0,204.0,317.0,397.0,110.0,34.0
8412,0,,212.0,128.0,126.0,205.0,317.0,399.0,110.0,34.0
8412,0,,211.0,150.0,127.0,207.0,316.0,398.0,110.0,34.0
8412,0,,212.0,134.0,127.0,206.0,316.0,403.0,110.0,34.0
8412,0,,211.0,142.0,127.0,209.0,317.0,399.0,110.0,34.0
8412,0,,216.0,142.0,128.0,209.0,316.0,404.0,110.0,34.0
8412,0,,216.0,142.0,128.0,208.0,315.0,404.0,110.0,34.0
8412,0,,213.0,129.0,128.0,204.0,316.0,401.0,110.0,34.0
8412,0,,212.0,155.0,128.0,202.0,317.0,403.0,110.0,34.0
8412,0,,214.0,124.0,128.0,204.0,330.0,397.0,110.0,34.0
8412,0,,211.0,122.0,128.0,205.0,317.0,398.0,110.0,34.0
8412,0,,213.0,151.0,128.0,206.0,317.0,402.0,110.0,34.0
8412,0,,213.0,141.0,128.0,205.0,317.0,402.0,110.0,34.0
8412,0,,214.0,153.0,128.0,206.0,330.0,402.0,110.0,34.0
8412,0,,216.0,145.0,129.0,205.0,331.0,405.0,110.0,34.0
8412,0,,213.0,157.0,129.0,207.0,330.0,402.0,110.0,34.0
8412,0,,215.0,134.0,129.0,207.0,319.0,402.0,110.0,34.0
8412,0,,217.0,146.0,129.0,212.0,330.0,392.0,110.0,34.0
8412,0,,218.0,129.0,129.0,213.0,319.0,400.0,110.0,34.0
8412,0,,217.0,142.0,129.0,210.0,319.0,399.0,110.0,34.0
8412,0,,215.0,140.0,129.0,208.0,318.0,402.0,110.0,34.0
8412,0,,215.0,143.0,129.0,209.0,318.0,401.0,110.0,34.0
8412,0,,216.0,150.0,129.0,212.0,319.0,404.0,110.0,34.0
8412,0,,217.0,137.0,129.0,212.0,319.0,407.0,110.0,34.0
8412,0,,216.0,134.0,129.0,213.0,319.0,408.0,110.0,34.0
8412,0,,215.0,137.0,130.0,212.0,319.0,406.0,110.0,34.0
8412,0,,214.0,143.0,130.0,212.0,319.0,408.0,110.0,34.0
8412,0,,216.0,146.0,130.0,212.0,330.0,406.0,110.0,34.0
8412,0,,215.0,130.0,130.0,210.0,319.0,404.0,110.0,34.0
8412,0,,216.0,139.0,130.0,211.0,319.0,405.0,110.0,34.0
8412,0,,214.0,137.0,130.0,212.0,319.0,403.0,110.0,34.0
8412,0,,215.0,144.0,130.0,211.0,320.0,402.0,110.0,34.0
8412,0,,215.0,140.0,130.0,210.0,319.0,407.0,110.0,34.0
8412,0,,147.0,148.0,123.0,174.0,320.0,361.0,110.0,34.0
8412,0,,197.0,134.0,124.0,193.0,331.0,390.0,110.0,34.0
8412,0,,207.0,139.0,125.0,200.0,331.0,398.0,110.0,34.0
8412,0,,211.0,137.0,126.0,205.0,330.0,395.0,110.0,34.0
8412,0,,211.0,155.0,127.0,206.0,330.0,398.0,110.0,34.0
8412,0,,212.0,131.0,127.0,209.0,318.0,404.0,110.0,34.0
8412,0,,214.0,159.0,128.0,207.0,319.0,405.0,110.0,34.0
8412,0,,216.0,145.0,128.0,209.0,318.0,401.0,110.0,34.0
8412,0,,214.0,151.0,129.0,210.0,317.0,400.0,110.0,34.0
8412,0,,212.0,135.0,129.0,209.0,318.0,394.0,110.0,34.0
8412,0,,214.0,128.0,129.0,209.0,318.0,401.0,110.0,34.0
8412,0,,212.0,148.0,129.0,207.0,318.0,402.0,110.0,34.0
8412,0,,210.0,147.0,129.0,207.0,330.0,403.0,110.0,34.0
8412,0,,214.0,134.0,129.0,206.0,318.0,409.0,110.0,34.0
8412,0,,212.0,138.0,129.0,207.0,330.0,409.0,110.0,34.0
8412,0,,211.0,157.0,129.0,207.0,318.0,404.0,110.0,34.0
8412,0,,212.0,135.0,129.0,209.0,318.0,401.0,110.0,34.0
8412,0,,215.0,131.0,129.0,209.0,318.0,404.0,110.0,34.0
8412,0,,215.0,131.0,130.0,209.0,318.0,406.0,110.0,34.0
8412,0,,213.0,130.0,130.0,208.0,330.0,400.0,110.0,34.0
8412,0,,212.0,151.0,130.0,206.0,318.0,404.0,110.0,34.0
8412,0,,211.0,130.0,130.0,205.0,330.0,403.0,110.0,34.0
8412,0,,213.0,148.0,130.0,209.0,330.0,408.0,110.0,34.0
8412,0,,211.0,131.0,130.0,211.0,318.0,397.0,110.0,34.0
8412,0,,214.0,140.0,130.0,212.0,318.0,402.0,110.0,34.0
8412,0,,215.0,124.0,130.0,214.0,318.0,406.0,110.0,34.0
8412,0,,216.0,129.0,130.0,211.0,318.0,404.0,110.0,34.0
8412,0,,211.0,129.0,130.0,209.0,318.0,406.0,110.0,34.0
8412,0,,213.0,150.0,130.0,209.0,318.0,404.0,110.0,34.0
8412,0,,209.0,136.0,130.0,207.0,318.0,407.0,110.0,34.0
8412,0,,195.0,143.0,129.0,198.0,318.0,397.0,110.0,34.0
8412,0,,207.0,131.0,129.0,199.0,318.0,401.0,110.0,34.0
8412,0,,208.0,145.0,129.0,202.0,318.0,401.0,110.0,34.0
8412,0,,210.0,158.0,129.0,204.0,318.0,403.0,110.0,34.0
8412,0,,211.0,158.0,129.0,206.0,319.0,408.0,110.0,34.0
8412,0,,210.0,143.0,129.0,206.0,319.0,404.0,110.0,34.0
8412,0,,211.0,149.0,129.0,207.0,319.0,406.0,110.0,34.0
8412,0,,211.0,160.0,130.0,207.0,318.0,403.0,110.0,34.0
8412,0,,210.0,143.0,130.0,205.0,319.0,404.0,110.0,34.0
8412,0,,147.0,155.0,124.0,173.0,319.0,370.0,110.0,34.0
8412,0,,197.0,129.0,124.0,192.0,330.0,395.0,110.0,34.0
8412,0,,206.0,119.0,126.0,201.0,319.0,398.0,110.0,34.0
8412,0,,210.0,130.0,127.0,206.0,330.0,399.0,110.0,34.0
8412,0,,213.0,154.0,128.0,209.0,318.0,402.0,110.0,34.0
8412,0,,216.0,154.0,128.0,208.0,318.0,401.0,110.0,34.0
8412,0,,214.0,160.0,129.0,208.0,319.0,403.0,110.0,34.0
8412,0,,215.0,160.0,129.0,208.0,330.0,404.0,110.0,34.0
8412,0,,214.0,160.0,129.0,207.0,318.0,401.0,110.0,34.0
8412,0,,215.0,160.0,129.0,209.0,318.0,401.0,110.0,34.0
8412,0,,217.0,158.0,130.0,211.0,318.0,402.0,110.0,34.0
8412,0,,215.0,159.0,130.0,211.0,319.0,402.0,110.0,34.0
8412,0,,215.0,144.0,130.0,210.0,319.0,405.0,110.0,34.0
8412,0,,214.0,150.0,130.0,211.0,319.0,405.0,110.0,34.0
8412,0,,213.0,150.0,130.0,208.0,330.0,401.0,110.0,34.0
8412,0,,214.0,138.0,130.0,212.0,318.0,403.0,110.0,34.0
8412,0,,216.0,135.0,130.0,214.0,318.0,402.0,110.0,34.0
8412,0,,216.0,159.0,130.0,210.0,319.0,401.0,110.0,34.0
8412,0,,216.0,160.0,130.0,211.0,330.0,405.0,110.0,34.0
8412,0,,215.0,161.0,131.0,214.0,330.0,406.0,110.0,34.0
8412,0,,214.0,161.0,131.0,214.0,318.0,409.0,110.0,34.0
8412,0,,217.0,155.0,131.0,217.0,330.0,407.0,110.0,34.0
8412,0,,216.0,145.0,131.0,216.0,318.0,411.0,110.0,34.0
8412,0,,216.0,141.0,131.0,212.0,318.0,410.0,110.0,34.0
8412,0,,217.0,161.0,131.0,212.0,318.0,407.0,110.0,34.0
8412,0,,214.0,161.0,131.0,213.0,318.0,411.0,110.0,34.0
8412,0,,213.0,162.0,131.0,211.0,318.0,411.0,110.0,34.0
8412,0,,215.0,158.0,131.0,210.0,318.0,411.0,110.0,34.0
8412,0,,215.0,160.0,131.0,210.0,318.0,407.0,110.0,34.0
8412,0,,216.0,157.0,131.0,213.0,318.0,405.0,110.0,34.0
8412,0,,217.0,149.0,131.0,213.0,330.0,411.0,110.0,34.0
8412,0,,213.0,162.0,131.0,212.0,318.0,412.0,110.0,34.0
8412,0,,216.0,162.0,131.0,209.0,318.0,409.0,110.0,34.0
8412,0,,216.0,160.0,131.0,202.0,318.0,411.0,110.0,34.0
8412,0,,213.0,162.0,131.0,208.0,319.0,408.0,110.0,34.0
8412,0,,215.0,160.0,131.0,212.0,318.0,402.0,110.0,34.0
8412,0,,215.0,161.0,132.0,212.0,318.0,406.0,110.0,34.0
8412,0,,214.0,161.0,132.0,211.0,318.0,410.0,110.0,34.0
8412,0,,215.0,162.0,132.0,211.0,317.0,415.0,110.0,34.0
8412,0,,148.0,161.0,126.0,174.0,317.0,366.0,110.0,34.0
8412,0,,196.0,150.0,126.0,193.0,330.0,399.0,110.0,34.0
8412,0,,204.0,146.0,127.0,202.0,318.0,404.0,110.0,34.0
8412,0,,196.0,160.0,127.0,197.0,317.0,401.0,110.0,34.0
8412,0,,207.0,156.0,128.0,203.0,318.0,407.0,110.0,34.0
8412,0,,210.0,160.0,128.0,205.0,318.0,414.0,110.0,34.0
8412,0,,211.0,157.0,129.0,208.0,330.0,407.0,110.0,34.0
8412,0,,212.0,160.0,129.0,209.0,331.0,418.0,110.0,34.0
8412,0,,215.0,160.0,130.0,208.0,331.0,413.0,110.0,34.0
8412,0,,213.0,157.0,130.0,209.0,318.0,407.0,110.0,34.0
8412,0,,211.0,158.0,130.0,209.0,330.0,408.0,110.0,34.0
8412,0,,209.0,161.0,130.0,200.0,317.0,405.0,110.0,34.0
8412,0,,211.0,160.0,130.0,207.0,331.0,407.0,110.0,34.0
8412,0,,213.0,144.0,130.0,207.0,317.0,401.0,110.0,34.0
8412,0,,212.0,157.0,130.0,202.0,317.0,408.0,110.0,34.0
8412,0,,211.0,157.0,130.0,204.0,316.0,408.0,110.0,34.0
8412,0,,212.0,158.0,130.0,205.0,330.0,409.0,110.0,34.0
8412,0,,210.0,161.0,130.0,205.0,330.0,400.0,110.0,34.0
8412,0,,213.0,161.0,130.0,206.0,330.0,406.0,110.0,34.0
8412,0,,211.0,149.0,130.0,206.0,317.0,403.0,110.0,34.0
8412,0,,211.0,160.0,130.0,207.0,317.0,411.0,110.0,34.0
8412,0,,211.0,158.0,130.0,207.0,317.0,415.0,110.0,34.0
8412,0,,213.0,131.0,130.0,209.0,318.0,413.0,110.0,34.0
8412,0,,211.0,148.0,130.0,209.0,317.0,412.0,110.0,34.0
8412,0,,212.0,129.0,130.0,211.0,317.0,410.0,110.0,34.0
8412,0,,212.0,161.0,130.0,208.0,317.0,412.0,110.0,34.0
8412,0,,211.0,125.0,131.0,205.0,316.0,411.0,110.0,34.0
8412,0,,211.0,145.0,130.0,208.0,330.0,408.0,110.0,34.0
8412,0,,213.0,150.0,130.0,206.0,317.0,412.0,110.0,34.0
8412,0,,210.0,148.0,130.0,207.0,317.0,414.0,110.0,34.0
8412,0,,212.0,140.0,130.0,207.0,317.0,408.0,110.0,34.0
8412,0,,217.0,156.0,131.0,211.0,330.0,412.0,110.0,34.0
8412,0,,215.0,161.0,131.0,209.0,317.0,414.0,110.0,34.0
8412,0,,213.0,156.0,131.0,208.0,317.0,415.0,110.0,34.0
8412,0,,210.0,158.0,131.0,206.0,317.0,406.0,110.0,34.0
8412,0,,215.0,145.0,131.0,211.0,317.0,401.0,110.0,34.0
8412,0,,216.0,161.0,131.0,208.0,317.0,406.0,110.0,34.0
8412,0,,213.0,161.0,131.0,210.0,317.0,410.0,110.0,34.0
8412,0,,212.0,161.0,131.0,207.0,317.0,408.0,110.0,34.0
8412,0,,212.0,161.0,131.0,208.0,317.0,410.0,110.0,34.0
8412,0,,149.0,160.0,125.0,175.0,318.0,374.0,110.0,34.0
8412,0,,197.0,160.0,125.0,196.0,317.0,395.0,110.0,34.0
8412,0,,204.0,160.0,127.0,198.0,317.0,396.0,110.0,33.0
8412,0,,205.0,156.0,127.0,200.0,318.0,403.0,110.0,34.0
8412,0,,207.0,160.0,128.0,201.0,330.0,403.0,110.0,34.0
8412,0,,207.0,160.0,128.0,200.0,317.0,407.0,110.0,33.0
8412,0,,206.0,160.0,128.0,202.0,318.0,400.0,110.0,33.0
8412,0,,208.0,160.0,128.0,203.0,317.0,401.0,110.0,34.0
8412,0,,209.0,149.0,128.0,205.0,330.0,406.0,110.0,34.0
8412,0,,211.0,160.0,129.0,208.0,317.0,410.0,110.0,33.0
8412,0,,211.0,160.0,129.0,208.0,317.0,408.0,110.0,33.0
8412,0,,209.0,161.0,129.0,210.0,317.0,410.0,110.0,33.0
8412,0,,209.0,161.0,129.0,207.0,317.0,408.0,110.0,33.0
8412,0,,210.0,161.0,129.0,208.0,317.0,409.0,110.0,33.0
8412,0,,211.0,161.0,129.0,207.0,330.0,412.0,110.0,33.0
8412,0,,211.0,146.0,129.0,207.0,318.0,409.0,110.0,34.0
8412,0,,211.0,161.0,129.0,207.0,317.0,411.0,110.0,34.0
8412,0,,211.0,161.0,129.0,209.0,317.0,413.0,110.0,34.0
8412,0,,206.0,137.0,129.0,208.0,317.0,415.0,110.0,34.0
8412,0,,211.0,161.0,129.0,207.0,317.0,419.0,110.0,34.0
8412,0,,210.0,158.0,129.0,208.0,331.0,424.0,110.0,34.0
8412,0,,211.0,145.0,129.0,209.0,330.0,423.0,110.0,34.0
8412,0,,210.0,158.0,130.0,209.0,317.0,422.0,110.0,34.0
8412,0,,210.0,161.0,129.0,207.0,317.0,420.0,110.0,34.0
8412,0,,194.0,161.0,128.0,199.0,317.0,407.0,110.0,34.0
8412,0,,194.0,156.0,127.0,198.0,317.0,393.0,110.0,34.0
8412,0,,199.0,160.0,127.0,192.0,317.0,397.0,110.0,34.0
8412,0,,207.0,160.0,128.0,203.0,318.0,405.0,110.0,34.0
8573,0,,128.0,150.0,232.0,100.0,330.0,478.0,110.0,33.0
8573,0,,130.0,153.0,234.0,101.0,331.0,477.0,110.0,33.0
8573,0,,129.0,153.0,235.0,101.0,331.0,476.0,110.0,33.0
8573,0,,129.0,154.0,235.0,102.0,331.0,478.0,110.0,33.0
8573,0,,130.0,156.0,236.0,102.0,331.0,477.0,110.0,33.0
8573,0,,131.0,158.0,237.0,103.0,332.0,476.0,110.0,33.0
8573,0,,131.0,158.0,237.0,103.0,331.0,477.0,110.0,33.0
8573,0,,130.0,158.0,237.0,103.0,331.0,480.0,110.0,33.0
8573,0,,131.0,159.0,238.0,103.0,331.0,479.0,110.0,33.0
8573,0,,131.0,159.0,237.0,103.0,331.0,477.0,110.0,33.0
8573,0,,131.0,159.0,238.0,103.0,330.0,477.0,110.0,33.0
8573,0,,131.0,159.0,238.0,103.0,332.0,477.0,110.0,33.0
8573,0,,130.0,158.0,237.0,103.0,331.0,475.0,110.0,33.0
8573,0,,130.0,159.0,237.0,103.0,331.0,476.0,110.0,33.0
8573,0,,130.0,158.0,237.0,103.0,332.0,476.0,110.0,33.0
8573,0,,128.0,158.0,236.0,103.0,331.0,476.0,110.0,33.0
8573,0,,128.0,158.0,236.0,103.0,331.0,476.0,110.0,33.0
8573,0,,128.0,158.0,236.0,103.0,331.0,477.0,110.0,33.0
8573,0,,128.0,159.0,237.0,103.0,331.0,479.0,110.0,33.0
8573,0,,128.0,158.0,237.0,104.0,331.0,477.0,110.0,33.0
8573,0,,128.0,157.0,237.0,104.0,332.0,477.0,110.0,33.0
8573,0,,129.0,159.0,237.0,104.0,331.0,477.0,110.0,34.0
8573,0,,128.0,158.0,237.0,104.0,331.0,476.0,110.0,34.0
8573,0,,94.0,134.0,206.0,88.0,331.0,453.0,110.0,34.0
8573,0,,112.0,144.0,220.0,95.0,331.0,465.0,110.0,33.0
8573,0,,122.0,150.0,228.0,99.0,331.0,472.0,110.0,32.0
8573,0,,126.0,154.0,232.0,101.0,331.0,475.0,110.0,32.0
8573,0,,128.0,157.0,233.0,102.0,331.0,477.0,110.0,32.0
8573,0,,126.0,154.0,234.0,102.0,332.0,479.0,110.0,33.0
8573,0,,126.0,155.0,235.0,103.0,331.0,477.0,110.0,33.0
8573,0,,126.0,155.0,236.0,103.0,331.0,476.0,110.0,33.0
8573,0,,126.0,156.0,236.0,103.0,330.0,477.0,110.0,33.0
8573,0,,126.0,155.0,236.0,103.0,333.0,477.0,110.0,33.0
8573,0,,126.0,156.0,237.0,103.0,331.0,477.0,110.0,33.0
8573,0,,126.0,156.0,237.0,104.0,331.0,477.0,110.0,34.0
8573,0,,127.0,158.0,237.0,104.0,331.0,477.0,110.0,34.0
8573,0,,128.0,159.0,237.0,104.0,331.0,477.0,110.0,34.0
8573,0,,128.0,159.0,238.0,104.0,331.0,477.0,110.0,34.0
8573,0,,128.0,160.0,239.0,105.0,331.0,476.0,110.0,34.0
8573,0,,128.0,158.0,238.0,105.0,331.0,477.0,110.0,34.0
8573,0,,130.0,161.0,239.0,105.0,331.0,478.0,110.0,34.0
8573,0,,129.0,159.0,239.0,105.0,331.0,478.0,110.0,34.0
8573,0,,132.0,163.0,239.0,105.0,331.0,476.0,110.0,34.0
8573,0,,131.0,163.0,239.0,105.0,331.0,477.0,110.0,34.0
8573,0,,130.0,162.0,239.0,105.0,331.0,477.0,110.0,34.0
8573,0,,132.0,164.0,240.0,105.0,331.0,478.0,110.0,34.0
8573,0,,132.0,164.0,239.0,105.0,331.0,478.0,110.0,34.0
8573,0,,130.0,163.0,239.0,105.0,331.0,477.0,110.0,34.0
8573,0,,130.0,163.0,239.0,105.0,331.0,477.0,110.0,34.0
8573,0,,130.0,163.0,239.0,105.0,331.0,477.0,110.0,34.0
8573,0,,129.0,161.0,240.0,105.0,331.0,477.0,110.0,34.0
8573,0,,129.0,162.0,240.0,106.0,331.0,477.0,110.0,34.0
8573,0,,131.0,164.0,240.0,105.0,331.0,477.0,110.0,33.0
8573,0,,130.0,163.0,240.0,105.0,331.0,477.0,110.0,32.0
8573,0,,129.0,162.0,240.0,105.0,331.0,478.0,110.0,33.0
8573,0,,128.0,161.0,239.0,105.0,331.0,479.0,110.0,33.0
8573,0,,131.0,164.0,240.0,106.0,331.0,478.0,110.0,33.0
8573,0,,130.0,163.0,240.0,106.0,331.0,478.0,110.0,34.0
8573,0,,129.0,161.0,240.0,105.0,332.0,478.0,110.0,34.0
8573,0,,129.0,162.0,240.0,106.0,331.0,478.0,110.0,34.0
8573,0,,128.0,161.0,240.0,105.0,331.0,478.0,110.0,34.0
8573,0,,131.0,164.0,240.0,106.0,331.0,478.0,110.0,34.0
8573,0,,96.0,139.0,209.0,90.0,331.0,455.0,110.0,34.0
8573,0,,115.0,149.0,223.0,97.0,331.0,467.0,110.0,34.0
8573,0,,123.0,154.0,231.0,101.0,331.0,474.0,110.0,34.0
8573,0,,127.0,158.0,235.0,103.0,331.0,479.0,110.0,34.0
8573,0,,128.0,158.0,236.0,104.0,331.0,480.0,110.0,34.0
8573,0,,128.0,160.0,239.0,105.0,331.0,478.0,110.0,34.0
8573,0,,130.0,162.0,240.0,105.0,331.0,476.0,110.0,34.0
8573,0,,130.0,161.0,240.0,106.0,332.0,476.0,110.0,34.0
8573,0,,130.0,162.0,240.0,105.0,331.0,477.0,110.0,34.0
8573,0,,129.0,163.0,240.0,106.0,331.0,477.0,110.0,33.0
8573,0,,129.0,163.0,241.0,105.0,332.0,477.0,110.0,32.0
8573,0,,130.0,165.0,241.0,105.0,331.0,478.0,110.0,32.0
8573,0,,130.0,164.0,240.0,105.0,330.0,477.0,110.0,32.0
8573,0,,130.0,164.0,240.0,105.0,331.0,477.0,110.0,33.0
8573,0,,129.0,163.0,240.0,105.0,332.0,477.0,110.0,33.0
8573,0,,130.0,164.0,241.0,106.0,331.0,477.0,110.0,33.0
8573,0,,130.0,164.0,241.0,106.0,332.0,477.0,110.0,33.0
8573,0,,130.0,163.0,241.0,106.0,331.0,477.0,110.0,34.0
8573,0,,129.0,163.0,241.0,106.0,331.0,477.0,110.0,34.0
8573,0,,129.0,162.0,242.0,106.0,331.0,477.0,110.0,34.0
8573,0,,129.0,163.0,241.0,106.0,332.0,478.0,110.0,34.0
8573,0,,131.0,165.0,241.0,106.0,331.0,478.0,110.0,34.0
8573,0,,131.0,165.0,241.0,106.0,331.0,477.0,110.0,34.0
8573,0,,130.0,165.0,241.0,106.0,332.0,478.0,110.0,34.0
8573,0,,131.0,166.0,241.0,106.0,331.0,478.0,110.0,34.0
8573,0,,130.0,164.0,241.0,106.0,331.0,478.0,110.0,34.0
8573,0,,130.0,164.0,241.0,106.0,331.0,476.0,110.0,34.0
8573,0,,132.0,166.0,241.0,106.0,331.0,477.0,110.0,34.0
8573,0,,131.0,164.0,242.0,106.0,331.0,478.0,110.0,34.0
8573,0,,131.0,165.0,242.0,106.0,331.0,477.0,110.0,34.0
8573,0,,131.0,164.0,242.0,106.0,332.0,477.0,110.0,34.0
8573,0,,130.0,164.0,241.0,106.0,331.0,477.0,110.0,34.0
8573,0,,128.0,166.0,242.0,106.0,331.0,479.0,110.0,33.0
8573,0,,130.0,164.0,242.0,106.0,332.0,478.0,110.0,32.0
8573,0,,129.0,163.0,242.0,106.0,331.0,477.0,110.0,32.0
8573,0,,129.0,163.0,241.0,105.0,331.0,476.0,110.0,33.0
8573,0,,128.0,162.0,241.0,106.0,332.0,477.0,110.0,33.0
8573,0,,88.0,134.0,202.0,87.0,331.0,449.0,110.0,34.0
8573,0,,111.0,147.0,219.0,95.0,331.0,464.0,110.0,34.0
8573,0,,122.0,152.0,228.0,100.0,332.0,473.0,110.0,34.0
8573,0,,126.0,155.0,233.0,102.0,331.0,477.0,110.0,34.0
8573,0,,127.0,158.0,237.0,104.0,331.0,480.0,110.0,34.0
8573,0,,129.0,160.0,239.0,105.0,331.0,479.0,110.0,34.0
8573,0,,129.0,160.0,240.0,105.0,331.0,477.0,110.0,34.0
8573,0,,129.0,162.0,241.0,106.0,331.0,476.0,110.0,34.0
8573,0,,129.0,162.0,241.0,106.0,331.0,477.0,110.0,34.0
8573,0,,129.0,162.0,241.0,106.0,332.0,477.0,110.0,34.0
8573,0,,133.0,166.0,241.0,106.0,331.0,477.0,110.0,34.0
8573,0,,130.0,163.0,241.0,106.0,331.0,477.0,110.0,34.0
8573,0,,129.0,161.0,241.0,106.0,331.0,477.0,110.0,34.0
8573,0,,129.0,162.0,242.0,106.0,332.0,477.0,110.0,34.0
8573,0,,129.0,162.0,242.0,106.0,331.0,478.0,110.0,34.0
8573,0,,129.0,163.0,242.0,106.0,331.0,478.0,110.0,34.0
8573,0,,130.0,163.0,242.0,107.0,330.0,478.0,110.0,34.0
8573,0,,131.0,164.0,243.0,107.0,331.0,477.0,110.0,34.0
8573,0,,132.0,166.0,243.0,107.0,332.0,476.0,110.0,34.0
8573,0,,132.0,166.0,243.0,107.0,331.0,477.0,110.0,34.0
8573,0,,132.0,166.0,243.0,107.0,331.0,477.0,110.0,33.0
8573,0,,132.0,166.0,243.0,107.0,331.0,478.0,110.0,33.0
8573,0,,132.0,167.0,243.0,107.0,331.0,477.0,110.0,33.0
8573,0,,132.0,166.0,242.0,106.0,331.0,476.0,110.0,33.0
8573,0,,132.0,167.0,242.0,106.0,330.0,478.0,110.0,33.0
8573,0,,132.0,167.0,242.0,107.0,330.0,476.0,110.0,33.0
8573,0,,133.0,167.0,243.0,107.0,330.0,475.0,110.0,34.0
8573,0,,133.0,168.0,242.0,107.0,331.0,477.0,110.0,34.0
8573,0,,132.0,168.0,242.0,106.0,331.0,478.0,110.0,34.0
8573,0,,133.0,168.0,242.0,107.0,331.0,477.0,110.0,34.0
8573,0,,132.0,167.0,241.0,107.0,331.0,477.0,110.0,34.0
8573,0,,132.0,167.0,241.0,107.0,330.0,478.0,110.0,34.0
8573,0,,132.0,168.0,242.0,107.0,331.0,477.0,110.0,34.0
8573,0,,133.0,168.0,243.0,107.0,330.0,476.0,110.0,34.0
8573,0,,133.0,168.0,242.0,107.0,330.0,478.0,110.0,34.0
8573,0,,133.0,168.0,243.0,107.0,331.0,478.0,110.0,34.0
8573,0,,134.0,169.0,243.0,107.0,331.0,478.0,110.0,34.0
8573,0,,133.0,169.0,243.0,107.0,331.0,478.0,110.0,34.0
8573,0,,134.0,169.0,243.0,107.0,331.0,478.0,110.0,34.0
8573,0,,133.0,168.0,242.0,107.0,332.0,477.0,110.0,34.0
8573,0,,98.0,143.0,210.0,91.0,331.0,455.0,110.0,34.0
8573,0,,117.0,154.0,224.0,98.0,331.0,465.0,110.0,34.0
8573,0,,126.0,159.0,232.0,102.0,331.0,471.0,110.0,34.0
8573,0,,129.0,161.0,236.0,104.0,331.0,476.0,110.0,34.0
8573,0,,130.0,164.0,238.0,105.0,331.0,478.0,110.0,34.0
8573,0,,130.0,164.0,239.0,105.0,332.0,477.0,110.0,33.0
8573,0,,130.0,165.0,240.0,106.0,331.0,475.0,110.0,33.0
8573,0,,130.0,166.0,240.0,105.0,331.0,477.0,110.0,32.0
8573,0,,129.0,166.0,241.0,105.0,331.0,479.0,110.0,33.0
8573,0,,130.0,166.0,240.0,105.0,331.0,477.0,110.0,33.0
8573,0,,130.0,166.0,240.0,105.0,331.0,476.0,110.0,33.0
8573,0,,130.0,167.0,241.0,105.0,331.0,476.0,110.0,33.0
8573,0,,131.0,167.0,241.0,106.0,331.0,478.0,110.0,33.0
8573,0,,131.0,167.0,241.0,106.0,330.0,478.0,110.0,33.0
8573,0,,130.0,166.0,241.0,106.0,332.0,477.0,110.0,34.0
8573,0,,130.0,166.0,242.0,106.0,331.0,476.0,110.0,34.0
8573,0,,130.0,166.0,241.0,106.0,330.0,478.0,110.0,34.0
8573,0,,130.0,166.0,241.0,106.0,331.0,479.0,110.0,33.0
8573,0,,132.0,167.0,242.0,106.0,332.0,479.0,110.0,34.0
8573,0,,131.0,167.0,242.0,106.0,331.0,478.0,110.0,33.0
8573,0,,132.0,167.0,241.0,106.0,331.0,478.0,110.0,34.0
8573,0,,131.0,167.0,241.0,106.0,331.0,478.0,110.0,34.0
8573,0,,132.0,168.0,242.0,106.0,331.0,477.0,110.0,34.0
8573,0,,132.0,168.0,243.0,107.0,332.0,478.0,110.0,34.0
8573,0,,132.0,168.0,242.0,107.0,331.0,477.0,110.0,34.0
8573,0,,132.0,167.0,242.0,106.0,331.0,476.0,110.0,34.0
8573,0,,131.0,167.0,243.0,107.0,332.0,478.0,110.0,34.0
8573,0,,131.0,167.0,243.0,107.0,331.0,478.0,110.0,34.0
8573,0,,131.0,167.0,243.0,107.0,331.0,478.0,110.0,33.0
8573,0,,130.0,166.0,243.0,106.0,331.0,478.0,110.0,32.0
8573,0,,129.0,166.0,242.0,106.0,331.0,479.0,110.0,32.0
8573,0,,130.0,166.0,241.0,105.0,331.0,478.0,110.0,33.0
8573,0,,129.0,167.0,240.0,105.0,331.0,477.0,110.0,33.0
8573,0,,126.0,166.0,241.0,106.0,331.0,476.0,110.0,33.0
8573,0,,129.0,167.0,241.0,106.0,332.0,477.0,110.0,33.0
8573,0,,125.0,166.0,241.0,106.0,330.0,477.0,110.0,33.0
8573,0,,130.0,166.0,241.0,106.0,330.0,478.0,110.0,33.0
8573,0,,96.0,141.0,209.0,90.0,331.0,453.0,110.0,33.0
8573,0,,116.0,152.0,223.0,97.0,331.0,465.0,110.0,33.0
8573,0,,124.0,157.0,231.0,101.0,331.0,473.0,110.0,33.0
8573,0,,128.0,161.0,236.0,103.0,332.0,476.0,110.0,33.0
8573,0,,130.0,163.0,238.0,104.0,332.0,479.0,110.0,33.0
8573,0,,125.0,164.0,239.0,105.0,331.0,478.0,110.0,33.0
8573,0,,123.0,165.0,240.0,105.0,331.0,477.0,110.0,33.0
8573,0,,131.0,166.0,240.0,105.0,332.0,475.0,110.0,34.0
8573,0,,114.0,165.0,241.0,105.0,331.0,476.0,110.0,33.0
8573,0,,124.0,167.0,241.0,106.0,331.0,477.0,110.0,34.0
8573,0,,127.0,166.0,241.0,106.0,331.0,477.0,110.0,34.0
8573,0,,131.0,166.0,242.0,106.0,331.0,478.0,110.0,33.0
8573,0,,122.0,167.0,242.0,106.0,331.0,477.0,110.0,32.0
8573,0,,128.0,167.0,241.0,105.0,331.0,477.0,110.0,31.0
8573,0,,113.0,167.0,241.0,105.0,331.0,477.0,110.0,32.0
8573,0,,131.0,168.0,241.0,105.0,331.0,477.0,110.0,33.0
8573,0,,129.0,167.0,241.0,105.0,331.0,479.0,110.0,33.0
8573,0,,131.0,168.0,241.0,105.0,332.0,478.0,110.0,33.0
8573,0,,131.0,168.0,242.0,106.0,331.0,477.0,110.0,33.0
8573,0,,131.0,168.0,241.0,106.0,332.0,477.0,110.0,33.0
8573,0,,129.0,169.0,242.0,106.0,331.0,476.0,110.0,33.0
8573,0,,131.0,169.0,242.0,106.0,331.0,477.0,110.0,33.0
8573,1,num__sleeve_temperature,68.0,74.0,79.0,110.0,142.0,401.0,100.0,26.0
8573,1,num__sleeve_temperature,88.0,97.0,108.0,111.0,176.0,442.0,105.0,26.0
8600,0,,145.0,156.0,176.0,180.0,327.0,502.0,110.0,34.0
8600,0,,146.0,156.0,175.0,181.0,325.0,502.0,110.0,34.0
8600,0,,146.0,156.0,174.0,181.0,325.0,501.0,110.0,34.0
8600,0,,146.0,156.0,175.0,181.0,325.0,503.0,110.0,34.0
8600,0,,145.0,153.0,169.0,180.0,324.0,499.0,110.0,34.0
8600,0,,145.0,154.0,173.0,180.0,326.0,499.0,110.0,33.0
8600,0,,145.0,154.0,173.0,179.0,324.0,499.0,110.0,33.0
8600,0,,146.0,156.0,173.0,180.0,325.0,501.0,110.0,33.0
8600,0,,143.0,150.0,165.0,179.0,325.0,498.0,110.0,33.0
8600,1,num__upper_mold_temp1,144.0,153.0,172.0,178.0,325.0,499.0,110.0,33.0
8600,0,,145.0,154.0,173.0,178.0,325.0,500.0,110.0,33.0
8600,0,,145.0,155.0,175.0,179.0,325.0,501.0,110.0,33.0
8600,0,,146.0,156.0,174.0,179.0,325.0,501.0,110.0,34.0
8600,0,,145.0,154.0,171.0,179.0,324.0,505.0,110.0,33.0
8600,0,,145.0,154.0,173.0,179.0,326.0,502.0,110.0,34.0
8600,0,,146.0,155.0,174.0,179.0,325.0,504.0,110.0,34.0
8600,0,,146.0,156.0,176.0,180.0,325.0,503.0,110.0,34.0
8600,0,,146.0,157.0,177.0,180.0,325.0,504.0,110.0,34.0
8600,0,,147.0,157.0,177.0,181.0,324.0,503.0,110.0,34.0
8600,0,,146.0,156.0,174.0,181.0,325.0,502.0,110.0,34.0
8600,0,,146.0,157.0,175.0,180.0,325.0,501.0,110.0,34.0
8600,0,,146.0,154.0,172.0,180.0,326.0,501.0,110.0,34.0
8600,0,,146.0,155.0,175.0,180.0,325.0,501.0,110.0,34.0
8600,0,,133.0,132.0,132.0,173.0,325.0,485.0,110.0,34.0
8600,0,,138.0,145.0,162.0,172.0,324.0,492.0,110.0,34.0
8600,0,,141.0,150.0,171.0,175.0,325.0,497.0,110.0,34.0
8600,0,,143.0,153.0,174.0,177.0,326.0,499.0,110.0,33.0
8600,0,,145.0,155.0,175.0,178.0,325.0,500.0,110.0,34.0
8600,0,,146.0,156.0,176.0,180.0,326.0,499.0,110.0,34.0
8600,0,,146.0,157.0,176.0,180.0,326.0,500.0,110.0,34.0
8600,0,,147.0,157.0,177.0,181.0,325.0,501.0,110.0,34.0
8600,0,,147.0,158.0,177.0,181.0,326.0,503.0,110.0,34.0
8600,0,,147.0,158.0,178.0,182.0,325.0,503.0,110.0,34.0
8600,0,,148.0,159.0,178.0,183.0,324.0,503.0,110.0,34.0
8600,0,,148.0,159.0,178.0,183.0,324.0,503.0,110.0,34.0
8600,0,,148.0,159.0,177.0,184.0,325.0,503.0,110.0,34.0
8600,0,,148.0,159.0,177.0,184.0,325.0,504.0,110.0,34.0
8600,0,,148.0,158.0,174.0,183.0,326.0,503.0,110.0,34.0
8600,0,,148.0,157.0,174.0,183.0,324.0,501.0,110.0,34.0
8600,1,num__upper_mold_temp1,147.0,157.0,174.0,182.0,326.0,500.0,110.0,34.0
8600,1,num__upper_mold_temp2,124.0,118.0,104.0,164.0,324.0,467.0,110.0,34.0
8600,0,,132.0,137.0,151.0,165.0,326.0,481.0,110.0,34.0
8600,0,,137.0,146.0,165.0,170.0,325.0,491.0,110.0,34.0
8600,0,,141.0,151.0,171.0,173.0,325.0,496.0,110.0,34.0
8600,0,,142.0,153.0,173.0,176.0,326.0,498.0,110.0,34.0
8600,0,,144.0,154.0,174.0,177.0,324.0,499.0,110.0,33.0
8600,0,,145.0,155.0,174.0,178.0,325.0,500.0,110.0,33.0
8600,0,,145.0,156.0,176.0,180.0,325.0,501.0,110.0,33.0
8600,0,,146.0,157.0,176.0,180.0,325.0,502.0,110.0,34.0
8600,0,,147.0,157.0,177.0,181.0,325.0,503.0,110.0,34.0
8600,0,,140.0,146.0,154.0,178.0,326.0,495.0,109.0,34.0
8600,0,,143.0,152.0,169.0,177.0,326.0,498.0,110.0,34.0
8600,0,,144.0,155.0,173.0,178.0,325.0,501.0,110.0,34.0
8600,0,,145.0,156.0,175.0,179.0,324.0,501.0,110.0,34.0
8600,0,,146.0,157.0,175.0,180.0,326.0,502.0,110.0,34.0
8600,0,,146.0,157.0,175.0,181.0,326.0,501.0,110.0,34.0
8600,0,,146.0,157.0,174.0,181.0,325.0,501.0,110.0,34.0
8600,0,,146.0,156.0,173.0,181.0,326.0,500.0,110.0,34.0
8600,0,,146.0,157.0,174.0,181.0,326.0,501.0,110.0,34.0
8600,0,,146.0,157.0,176.0,182.0,325.0,503.0,110.0,34.0
8600,0,,146.0,158.0,176.0,182.0,325.0,502.0,110.0,34.0
8600,0,,145.0,154.0,169.0,181.0,325.0,499.0,109.0,34.0
8600,0,,145.0,156.0,173.0,180.0,324.0,500.0,110.0,34.0
8600,0,,146.0,156.0,174.0,181.0,325.0,501.0,110.0,34.0
8600,0,,147.0,157.0,174.0,181.0,324.0,501.0,110.0,33.0
8600,0,,147.0,157.0,174.0,181.0,325.0,502.0,110.0,33.0
8600,0,,147.0,157.0,174.0,181.0,324.0,502.0,110.0,33.0
8600,0,,146.0,156.0,171.0,181.0,325.0,502.0,110.0,34.0
8600,0,,145.0,153.0,168.0,180.0,325.0,499.0,110.0,34.0
8600,0,,145.0,155.0,173.0,180.0,324.0,500.0,110.0,34.0
8600,0,,146.0,156.0,176.0,180.0,324.0,501.0,110.0,34.0
8600,1,num__upper_mold_temp1,147.0,158.0,176.0,181.0,325.0,501.0,110.0,34.0
8600,1,num__upper_mold_temp1,147.0,158.0,176.0,181.0,326.0,501.0,110.0,34.0
8600,1,num__upper_mold_temp2,148.0,158.0,177.0,181.0,325.0,501.0,110.0,34.0
8600,0,,148.0,158.0,177.0,181.0,325.0,501.0,110.0,34.0
8600,0,,148.0,159.0,177.0,182.0,325.0,501.0,110.0,34.0
8600,0,,147.0,157.0,174.0,181.0,326.0,497.0,110.0,34.0
8600,0,,147.0,158.0,175.0,182.0,325.0,498.0,110.0,34.0
8600,0,,148.0,158.0,177.0,182.0,326.0,500.0,110.0,34.0
8600,0,,148.0,158.0,176.0,182.0,326.0,500.0,110.0,34.0
8600,0,,148.0,158.0,176.0,182.0,325.0,501.0,110.0,34.0
8600,0,,148.0,158.0,176.0,182.0,325.0,500.0,110.0,34.0
8600,0,,148.0,158.0,176.0,182.0,325.0,499.0,110.0,34.0
8600,0,,148.0,158.0,175.0,182.0,324.0,500.0,110.0,34.0
8600,0,,146.0,155.0,169.0,181.0,326.0,498.0,110.0,34.0
8600,0,,145.0,152.0,165.0,180.0,324.0,496.0,110.0,33.0
8600,0,,140.0,143.0,149.0,176.0,326.0,491.0,110.0,33.0
8600,0,,142.0,151.0,167.0,176.0,326.0,495.0,110.0,33.0
8600,0,,144.0,154.0,172.0,178.0,325.0,497.0,109.0,34.0
8600,0,,145.0,155.0,174.0,179.0,325.0,497.0,110.0,34.0
8600,0,,146.0,155.0,175.0,180.0,325.0,501.0,110.0,34.0
8600,0,,147.0,156.0,175.0,180.0,325.0,502.0,110.0,34.0
8600,0,,146.0,155.0,172.0,180.0,326.0,502.0,110.0,34.0
8600,0,,147.0,155.0,174.0,180.0,325.0,503.0,110.0,34.0
8600,0,,147.0,156.0,175.0,180.0,325.0,502.0,110.0,34.0
8600,0,,146.0,153.0,171.0,180.0,326.0,501.0,110.0,34.0
8600,0,,145.0,152.0,168.0,179.0,324.0,500.0,110.0,34.0
8600,0,,146.0,154.0,171.0,180.0,326.0,501.0,110.0,34.0
8600,0,,146.0,155.0,172.0,180.0,325.0,502.0,110.0,34.0
8600,0,,144.0,153.0,170.0,180.0,325.0,501.0,110.0,34.0
8600,0,,145.0,155.0,173.0,180.0,325.0,501.0,110.0,34.0
8600,0,,146.0,155.0,173.0,179.0,325.0,501.0,110.0,34.0
8600,0,,146.0,155.0,173.0,180.0,326.0,501.0,110.0,34.0
8600,0,,146.0,155.0,174.0,180.0,324.0,500.0,110.0,34.0
8600,0,,147.0,156.0,175.0,180.0,326.0,500.0,110.0,34.0
8600,0,,147.0,157.0,174.0,181.0,324.0,499.0,110.0,34.0
8600,0,,147.0,157.0,174.0,181.0,325.0,500.0,110.0,34.0
8600,0,,145.0,151.0,164.0,180.0,326.0,497.0,110.0,34.0
8600,0,,146.0,154.0,172.0,179.0,325.0,498.0,110.0,34.0
8600,0,,146.0,155.0,172.0,180.0,326.0,500.0,110.0,34.0
8600,0,,147.0,156.0,174.0,181.0,325.0,503.0,110.0,34.0
8600,0,,141.0,146.0,155.0,179.0,325.0,495.0,110.0,33.0
8600,0,,143.0,151.0,167.0,178.0,325.0,499.0,110.0,33.0
8600,0,,145.0,154.0,171.0,178.0,325.0,500.0,110.0,33.0
8600,0,,146.0,155.0,174.0,180.0,326.0,500.0,110.0,33.0
8600,0,,146.0,156.0,175.0,180.0,326.0,502.0,110.0,33.0
8600,0,,147.0,156.0,174.0,181.0,325.0,502.0,110.0,33.0
8600,0,,147.0,157.0,175.0,181.0,325.0,503.0,110.0,33.0
8600,0,,147.0,157.0,176.0,182.0,325.0,502.0,110.0,34.0
8600,0,,143.0,149.0,159.0,180.0,326.0,497.0,110.0,33.0
8600,0,,145.0,153.0,170.0,179.0,325.0,497.0,110.0,34.0
8600,0,,146.0,155.0,173.0,180.0,325.0,500.0,110.0,34.0
8600,0,,146.0,156.0,173.0,180.0,326.0,499.0,110.0,34.0
8600,0,,147.0,157.0,174.0,181.0,325.0,500.0,110.0,34.0
8600,0,,147.0,158.0,175.0,181.0,326.0,500.0,110.0,34.0
8600,0,,147.0,158.0,175.0,182.0,325.0,500.0,110.0,34.0
8600,0,,146.0,157.0,172.0,182.0,326.0,500.0,110.0,34.0
8600,0,,147.0,158.0,175.0,182.0,325.0,501.0,110.0,34.0
8600,0,,148.0,158.0,176.0,182.0,326.0,502.0,110.0,34.0
8600,0,,148.0,158.0,175.0,182.0,325.0,501.0,110.0,34.0
8600,0,,148.0,159.0,175.0,183.0,325.0,501.0,110.0,33.0
8600,0,,148.0,159.0,176.0,183.0,326.0,501.0,110.0,33.0
8600,0,,148.0,159.0,176.0,183.0,326.0,502.0,109.0,34.0
8600,0,,148.0,159.0,176.0,183.0,326.0,501.0,110.0,34.0
8600,0,,148.0,158.0,172.0,183.0,325.0,500.0,110.0,34.0
8600,0,,148.0,158.0,175.0,183.0,325.0,500.0,110.0,34.0
8600,0,,148.0,159.0,175.0,183.0,325.0,500.0,110.0,34.0
8600,0,,147.0,158.0,172.0,183.0,325.0,499.0,110.0,34.0
8600,0,,147.0,158.0,174.0,182.0,326.0,500.0,110.0,34.0
8600,0,,148.0,158.0,174.0,182.0,326.0,499.0,110.0,34.0
8600,0,,148.0,158.0,174.0,182.0,326.0,499.0,110.0,34.0
8600,0,,147.0,156.0,169.0,182.0,326.0,499.0,110.0,34.0
8600,0,,147.0,157.0,173.0,181.0,326.0,500.0,110.0,34.0
8600,0,,146.0,155.0,168.0,181.0,326.0,499.0,110.0,34.0
8600,0,,145.0,153.0,168.0,180.0,325.0,497.0,110.0,33.0
8600,0,,144.0,155.0,171.0,180.0,324.0,500.0,110.0,33.0
8600,0,,144.0,155.0,171.0,180.0,325.0,500.0,110.0,34.0
8600,0,,141.0,151.0,165.0,179.0,325.0,498.0,110.0,34.0
8600,0,,142.0,154.0,172.0,179.0,326.0,498.0,110.0,34.0
8600,0,,140.0,150.0,165.0,179.0,326.0,498.0,110.0,34.0
8600,0,,141.0,153.0,170.0,179.0,325.0,499.0,110.0,34.0
8600,0,,142.0,155.0,170.0,179.0,326.0,500.0,110.0,34.0
8600,0,,140.0,153.0,167.0,179.0,324.0,499.0,110.0,34.0
8600,0,,141.0,153.0,168.0,179.0,325.0,499.0,110.0,34.0
8600,0,,143.0,154.0,169.0,179.0,325.0,499.0,110.0,34.0
8600,0,,142.0,151.0,163.0,178.0,326.0,501.0,110.0,34.0
8600,0,,140.0,146.0,155.0,177.0,324.0,498.0,110.0,34.0
8600,0,,141.0,150.0,165.0,176.0,325.0,498.0,110.0,34.0
8600,0,,142.0,152.0,167.0,177.0,326.0,499.0,110.0,34.0
8600,0,,142.0,152.0,167.0,178.0,325.0,497.0,110.0,34.0
8600,0,,143.0,154.0,170.0,178.0,326.0,498.0,110.0,35.0
8600,0,,141.0,150.0,162.0,178.0,325.0,497.0,110.0,35.0
8600,0,,143.0,154.0,169.0,178.0,326.0,499.0,110.0,34.0
8600,0,,144.0,155.0,171.0,179.0,325.0,500.0,110.0,34.0
8600,0,,145.0,155.0,170.0,180.0,325.0,500.0,110.0,33.0
8600,0,,145.0,156.0,171.0,180.0,325.0,500.0,110.0,34.0
8600,0,,146.0,156.0,172.0,181.0,324.0,501.0,110.0,34.0
8600,0,,142.0,150.0,158.0,179.0,326.0,497.0,110.0,34.0
8600,0,,144.0,155.0,170.0,179.0,324.0,497.0,110.0,34.0
8600,0,,145.0,156.0,172.0,180.0,325.0,500.0,110.0,34.0
8600,0,,146.0,156.0,172.0,180.0,325.0,501.0,110.0,34.0
8600,0,,146.0,157.0,173.0,181.0,325.0,502.0,110.0,34.0
8600,0,,146.0,157.0,174.0,181.0,325.0,501.0,110.0,34.0
8600,0,,146.0,156.0,170.0,181.0,325.0,499.0,110.0,34.0
8600,0,,146.0,157.0,172.0,181.0,325.0,501.0,110.0,34.0
8600,0,,146.0,157.0,173.0,181.0,325.0,502.0,110.0,34.0
8600,0,,147.0,158.0,174.0,182.0,325.0,503.0,110.0,34.0
8600,0,,147.0,158.0,175.0,182.0,325.0,501.0,110.0,34.0
8600,0,,147.0,158.0,175.0,183.0,325.0,502.0,110.0,34.0
8600,0,,147.0,158.0,175.0,182.0,325.0,501.0,110.0,34.0
8600,0,,148.0,158.0,176.0,182.0,325.0,502.0,110.0,34.0
8600,0,,136.0,136.0,136.0,175.0,325.0,491.0,110.0,34.0
8600,1,num__upper_mold_temp1,140.0,146.0,162.0,174.0,326.0,495.0,110.0,33.0
8600,0,,143.0,150.0,171.0,176.0,326.0,496.0,110.0,33.0
8600,0,,144.0,153.0,173.0,178.0,325.0,498.0,110.0,33.0
8600,0,,145.0,155.0,174.0,179.0,325.0,500.0,110.0,33.0
8600,0,,146.0,156.0,176.0,180.0,325.0,500.0,110.0,34.0
8600,0,,147.0,156.0,175.0,181.0,326.0,501.0,110.0,34.0
8600,0,,147.0,156.0,175.0,181.0,326.0,502.0,110.0,34.0
8600,0,,147.0,157.0,176.0,182.0,326.0,503.0,110.0,33.0
8600,0,,147.0,156.0,174.0,182.0,325.0,505.0,110.0,33.0
8600,0,,148.0,156.0,175.0,181.0,326.0,501.0,110.0,33.0
8600,0,,147.0,157.0,176.0,182.0,325.0,502.0,110.0,33.0
8600,0,,148.0,157.0,177.0,182.0,325.0,502.0,110.0,33.0
8600,0,,148.0,157.0,178.0,182.0,325.0,502.0,110.0,33.0
8600,0,,148.0,157.0,177.0,182.0,324.0,504.0,110.0,33.0
8600,0,,148.0,157.0,176.0,182.0,325.0,505.0,110.0,33.0
8600,0,,148.0,157.0,176.0,182.0,326.0,504.0,110.0,33.0
8600,0,,148.0,157.0,176.0,182.0,324.0,503.0,110.0,33.0
8600,0,,148.0,157.0,175.0,182.0,325.0,502.0,110.0,33.0
8722,0,,119.0,183.0,202.0,191.0,324.0,317.0,105.0,34.0
8722,0,,117.0,180.0,203.0,192.0,325.0,315.0,105.0,34.0
8722,0,,117.0,179.0,201.0,193.0,324.0,318.0,105.0,34.0
8722,0,,116.0,178.0,200.0,194.0,324.0,316.0,105.0,34.0
8722,0,,109.0,169.0,187.0,192.0,324.0,298.0,105.0,34.0
8722,0,,109.0,162.0,174.0,192.0,325.0,279.0,105.0,34.0
8722,0,,114.0,171.0,189.0,188.0,324.0,299.0,105.0,34.0
8722,0,,117.0,176.0,196.0,190.0,324.0,312.0,105.0,34.0
8722,0,,119.0,178.0,201.0,192.0,325.0,316.0,105.0,34.0
8722,0,,119.0,180.0,205.0,193.0,325.0,317.0,105.0,34.0
8722,0,,119.0,181.0,204.0,195.0,325.0,318.0,105.0,34.0
8722,0,,119.0,180.0,203.0,196.0,325.0,327.0,105.0,34.0
8722,0,,118.0,178.0,202.0,197.0,325.0,318.0,105.0,34.0
8722,0,,118.0,179.0,203.0,197.0,324.0,317.0,105.0,34.0
8722,0,,118.0,179.0,205.0,197.0,324.0,319.0,105.0,34.0
8722,0,,119.0,180.0,206.0,197.0,325.0,319.0,105.0,34.0
8722,0,,118.0,179.0,204.0,197.0,325.0,321.0,105.0,34.0
8722,0,,118.0,178.0,203.0,197.0,324.0,318.0,105.0,34.0
8722,0,,118.0,179.0,201.0,196.0,325.0,318.0,105.0,34.0
8722,0,,118.0,180.0,204.0,196.0,324.0,318.0,105.0,34.0
8722,0,,117.0,177.0,205.0,197.0,324.0,317.0,105.0,34.0
8722,1,num__sleeve_temperature,118.0,177.0,203.0,197.0,144.0,315.0,2.0,34.0
8722,1,num__sleeve_temperature,118.0,161.0,181.0,197.0,324.0,280.0,105.0,34.0
8722,0,,114.0,171.0,190.0,193.0,325.0,298.0,105.0,34.0
8722,0,,117.0,174.0,197.0,192.0,325.0,305.0,105.0,34.0
8722,0,,118.0,176.0,200.0,192.0,324.0,309.0,105.0,34.0
8722,0,,118.0,177.0,201.0,193.0,325.0,315.0,105.0,34.0
8722,0,,118.0,181.0,198.0,193.0,325.0,315.0,105.0,34.0
8722,0,,119.0,178.0,199.0,193.0,324.0,317.0,105.0,34.0
8722,0,,118.0,177.0,201.0,192.0,325.0,320.0,105.0,34.0
8722,0,,118.0,176.0,200.0,192.0,325.0,317.0,105.0,34.0
8722,0,,119.0,177.0,201.0,193.0,324.0,312.0,105.0,34.0
8722,0,,118.0,177.0,202.0,193.0,325.0,315.0,105.0,34.0
8722,0,,119.0,178.0,202.0,193.0,325.0,316.0,105.0,34.0
8722,1,num__sleeve_temperature,97.0,123.0,143.0,184.0,324.0,286.0,105.0,34.0
8722,0,,97.0,150.0,167.0,184.0,324.0,299.0,105.0,34.0
8722,0,,113.0,159.0,181.0,185.0,325.0,307.0,105.0,34.0
8722,0,,95.0,144.0,161.0,180.0,324.0,278.0,104.0,34.0
8722,0,,95.0,154.0,174.0,180.0,325.0,297.0,105.0,34.0
8722,0,,112.0,163.0,188.0,182.0,325.0,308.0,105.0,34.0
8722,0,,112.0,167.0,193.0,182.0,325.0,311.0,105.0,34.0
8722,0,,114.0,169.0,197.0,186.0,325.0,307.0,105.0,34.0
8722,0,,114.0,171.0,199.0,189.0,325.0,306.0,105.0,34.0
8722,0,,115.0,172.0,199.0,189.0,325.0,309.0,105.0,34.0
8722,0,,116.0,173.0,201.0,190.0,325.0,310.0,105.0,34.0
8722,0,,114.0,172.0,199.0,190.0,324.0,313.0,105.0,34.0
8722,0,,112.0,170.0,197.0,189.0,325.0,311.0,105.0,34.0
8722,0,,116.0,174.0,200.0,189.0,324.0,316.0,105.0,34.0
8722,0,,117.0,174.0,201.0,190.0,325.0,316.0,105.0,34.0
8722,0,,118.0,176.0,201.0,191.0,324.0,315.0,105.0,34.0
8722,0,,118.0,177.0,201.0,191.0,324.0,315.0,105.0,34.0
8722,0,,118.0,176.0,202.0,191.0,325.0,315.0,105.0,34.0
8722,0,,94.0,145.0,158.0,182.0,325.0,258.0,105.0,34.0
8722,0,,112.0,166.0,177.0,184.0,324.0,284.0,105.0,34.0
8722,0,,115.0,168.0,187.0,187.0,325.0,299.0,105.0,34.0
8722,0,,110.0,163.0,185.0,188.0,325.0,311.0,105.0,34.0
8722,0,,114.0,168.0,191.0,189.0,324.0,308.0,105.0,34.0
8722,0,,115.0,170.0,193.0,191.0,325.0,315.0,105.0,34.0
8722,0,,114.0,168.0,194.0,191.0,325.0,324.0,105.0,34.0
8722,0,,115.0,171.0,192.0,192.0,324.0,315.0,105.0,34.0
8722,0,,115.0,171.0,194.0,193.0,325.0,312.0,105.0,34.0
8722,0,,116.0,172.0,197.0,193.0,325.0,312.0,105.0,34.0
8722,0,,115.0,172.0,196.0,193.0,325.0,324.0,105.0,34.0
8722,0,,115.0,173.0,198.0,194.0,324.0,311.0,105.0,34.0
8722,0,,116.0,172.0,197.0,193.0,324.0,323.0,105.0,34.0
8722,0,,116.0,174.0,200.0,194.0,325.0,311.0,105.0,34.0
8722,0,,118.0,175.0,201.0,194.0,325.0,316.0,105.0,34.0
8722,0,,118.0,175.0,201.0,195.0,325.0,309.0,105.0,34.0
8722,0,,111.0,168.0,191.0,196.0,324.0,298.0,105.0,34.0
8722,0,,114.0,171.0,194.0,195.0,325.0,307.0,105.0,34.0
8722,0,,115.0,172.0,196.0,196.0,324.0,310.0,105.0,34.0
8722,0,,116.0,174.0,196.0,196.0,324.0,313.0,105.0,34.0
8722,0,,117.0,175.0,199.0,196.0,324.0,313.0,105.0,34.0
8722,0,,117.0,175.0,200.0,196.0,324.0,312.0,105.0,34.0
8722,0,,118.0,174.0,200.0,195.0,325.0,312.0,105.0,34.0
8722,0,,117.0,175.0,198.0,195.0,325.0,315.0,105.0,34.0
8722,0,,117.0,175.0,196.0,195.0,325.0,322.0,105.0,34.0
8722,0,,116.0,174.0,195.0,195.0,325.0,312.0,105.0,34.0
8722,0,,115.0,171.0,194.0,196.0,325.0,321.0,105.0,34.0
8722,0,,115.0,172.0,193.0,196.0,324.0,308.0,105.0,34.0
8722,0,,116.0,173.0,194.0,196.0,324.0,312.0,105.0,34.0
8722,0,,116.0,174.0,199.0,196.0,325.0,314.0,105.0,34.0
8722,0,,116.0,174.0,201.0,196.0,325.0,316.0,105.0,34.0
8722,0,,115.0,173.0,198.0,196.0,325.0,312.0,105.0,34.0
8722,0,,116.0,174.0,198.0,195.0,325.0,312.0,105.0,34.0
8722,0,,113.0,172.0,196.0,195.0,324.0,310.0,105.0,34.0
8722,0,,113.0,171.0,198.0,195.0,324.0,310.0,105.0,34.0
8722,0,,96.0,150.0,163.0,187.0,325.0,269.0,105.0,34.0
8722,0,,111.0,165.0,180.0,186.0,325.0,292.0,105.0,34.0
8722,0,,113.0,168.0,188.0,187.0,325.0,304.0,105.0,34.0
8722,0,,114.0,169.0,191.0,190.0,325.0,310.0,105.0,34.0
8722,0,,114.0,170.0,196.0,191.0,324.0,311.0,105.0,34.0
8722,0,,113.0,171.0,197.0,192.0,324.0,322.0,105.0,34.0
8722,0,,114.0,171.0,197.0,193.0,325.0,315.0,105.0,34.0
8722,0,,113.0,171.0,198.0,193.0,325.0,319.0,105.0,34.0
8722,0,,114.0,172.0,196.0,194.0,325.0,310.0,105.0,34.0
8722,0,,115.0,173.0,196.0,194.0,325.0,311.0,105.0,34.0
8722,0,,114.0,172.0,195.0,195.0,324.0,311.0,105.0,34.0
8722,0,,115.0,173.0,196.0,196.0,325.0,311.0,105.0,34.0
8722,0,,115.0,174.0,196.0,196.0,324.0,312.0,105.0,34.0
8722,0,,115.0,173.0,196.0,196.0,324.0,313.0,105.0,34.0
8722,0,,115.0,174.0,199.0,197.0,324.0,312.0,105.0,34.0
8722,0,,115.0,173.0,199.0,197.0,325.0,310.0,105.0,34.0
8722,0,,115.0,173.0,199.0,197.0,325.0,315.0,105.0,34.0
8722,0,,115.0,173.0,197.0,197.0,325.0,310.0,105.0,34.0
8722,0,,115.0,172.0,195.0,197.0,325.0,319.0,105.0,34.0
8722,0,,114.0,173.0,195.0,196.0,325.0,313.0,105.0,34.0
8722,0,,115.0,174.0,193.0,196.0,325.0,314.0,105.0,34.0
8722,0,,114.0,173.0,194.0,198.0,325.0,309.0,105.0,34.0
8722,0,,113.0,171.0,194.0,198.0,325.0,310.0,105.0,34.0
8722,0,,115.0,174.0,195.0,194.0,325.0,314.0,105.0,34.0
8722,0,,116.0,175.0,194.0,194.0,325.0,309.0,105.0,34.0
8722,0,,117.0,177.0,199.0,194.0,325.0,310.0,105.0,34.0
8722,0,,118.0,179.0,198.0,194.0,324.0,312.0,105.0,34.0
8722,0,,118.0,178.0,199.0,195.0,325.0,311.0,105.0,34.0
8722,1,num__sleeve_temperature,80.0,123.0,122.0,172.0,324.0,222.0,105.0,34.0
8722,1,num__upper_mold_temp2,101.0,146.0,155.0,172.0,325.0,264.0,105.0,34.0
8722,0,,109.0,159.0,173.0,173.0,325.0,288.0,105.0,34.0
8722,0,,112.0,164.0,183.0,176.0,325.0,300.0,105.0,34.0
8722,0,,116.0,171.0,190.0,179.0,325.0,299.0,105.0,34.0
8722,0,,117.0,173.0,198.0,182.0,325.0,303.0,105.0,34.0
8722,0,,109.0,164.0,188.0,183.0,324.0,293.0,105.0,34.0
8722,0,,108.0,164.0,182.0,182.0,325.0,294.0,105.0,33.0
8722,0,,107.0,161.0,180.0,182.0,325.0,292.0,105.0,34.0
8722,0,,107.0,170.0,190.0,182.0,325.0,303.0,105.0,34.0
8722,0,,116.0,173.0,195.0,185.0,324.0,306.0,105.0,34.0
8722,0,,118.0,177.0,195.0,186.0,324.0,310.0,105.0,34.0
8722,0,,119.0,178.0,197.0,188.0,325.0,312.0,105.0,34.0
8722,0,,121.0,181.0,198.0,189.0,325.0,309.0,105.0,34.0
8722,0,,121.0,180.0,198.0,190.0,324.0,309.0,105.0,34.0
8722,0,,118.0,175.0,196.0,192.0,325.0,310.0,105.0,34.0
8722,0,,115.0,174.0,192.0,192.0,324.0,307.0,105.0,34.0
8722,0,,118.0,177.0,195.0,192.0,325.0,307.0,105.0,34.0
8722,0,,119.0,179.0,195.0,193.0,325.0,308.0,105.0,34.0
8722,0,,119.0,175.0,194.0,193.0,324.0,312.0,105.0,34.0
8722,0,,118.0,180.0,196.0,194.0,325.0,314.0,105.0,34.0
8722,0,,120.0,179.0,199.0,194.0,325.0,311.0,105.0,34.0
8722,0,,119.0,178.0,198.0,195.0,324.0,315.0,105.0,34.0
8722,0,,118.0,177.0,197.0,196.0,325.0,314.0,105.0,34.0
8722,0,,117.0,176.0,199.0,196.0,325.0,323.0,105.0,34.0
8722,0,,118.0,174.0,201.0,195.0,325.0,314.0,105.0,34.0
8722,0,,119.0,176.0,203.0,195.0,324.0,314.0,105.0,34.0
8722,0,,117.0,173.0,201.0,193.0,325.0,319.0,105.0,34.0
8722,0,,117.0,173.0,200.0,195.0,324.0,309.0,105.0,34.0
8722,0,,117.0,172.0,201.0,196.0,325.0,305.0,105.0,34.0
8722,0,,118.0,171.0,204.0,196.0,325.0,310.0,105.0,34.0
8722,0,,118.0,173.0,202.0,196.0,324.0,309.0,105.0,34.0
8722,0,,118.0,173.0,202.0,196.0,325.0,304.0,105.0,34.0
8722,0,,118.0,175.0,204.0,196.0,325.0,308.0,105.0,34.0
8722,0,,117.0,173.0,201.0,196.0,324.0,320.0,105.0,34.0
8722,0,,117.0,173.0,202.0,196.0,325.0,312.0,105.0,34.0
8722,0,,117.0,168.0,194.0,196.0,325.0,301.0,105.0,34.0
8722,0,,116.0,171.0,198.0,195.0,325.0,308.0,105.0,34.0
8722,0,,118.0,172.0,200.0,195.0,325.0,310.0,105.0,34.0
8722,0,,118.0,172.0,200.0,196.0,325.0,313.0,105.0,34.0
8722,0,,118.0,164.0,193.0,196.0,324.0,305.0,105.0,34.0
8722,0,,109.0,160.0,190.0,193.0,325.0,297.0,105.0,34.0
8722,0,,114.0,165.0,195.0,192.0,325.0,308.0,105.0,34.0
8722,0,,114.0,167.0,196.0,193.0,325.0,313.0,105.0,34.0
8722,0,,116.0,169.0,199.0,194.0,325.0,308.0,105.0,34.0
8722,0,,116.0,170.0,202.0,195.0,325.0,304.0,105.0,34.0
8722,0,,117.0,169.0,202.0,195.0,325.0,306.0,105.0,34.0
8722,0,,117.0,168.0,202.0,196.0,325.0,308.0,105.0,34.0
8722,0,,117.0,171.0,199.0,196.0,325.0,309.0,105.0,34.0
8722,0,,117.0,171.0,202.0,196.0,324.0,312.0,105.0,34.0
8722,0,,118.0,170.0,201.0,196.0,325.0,312.0,105.0,34.0
8722,1,num__sleeve_temperature,118.0,121.0,124.0,196.0,325.0,244.0,105.0,34.0
8722,1,num__low_section_speed,91.0,132.0,139.0,174.0,325.0,273.0,105.0,34.0
8722,1,num__upper_mold_temp2,68.0,97.0,93.0,154.0,325.0,192.0,105.0,34.0
8722,1,num__cast_pressure,90.0,125.0,130.0,156.0,325.0,253.0,105.0,34.0
8722,0,,100.0,140.0,154.0,163.0,325.0,285.0,105.0,33.0
8722,0,,105.0,149.0,168.0,170.0,325.0,299.0,105.0,33.0
8722,0,,108.0,156.0,178.0,174.0,325.0,304.0,105.0,33.0
8722,0,,111.0,161.0,184.0,178.0,325.0,308.0,105.0,33.0
8722,0,,112.0,165.0,189.0,181.0,325.0,311.0,105.0,33.0
8722,0,,111.0,167.0,189.0,183.0,324.0,301.0,105.0,33.0
8722,0,,112.0,171.0,189.0,184.0,324.0,300.0,105.0,33.0
8722,0,,112.0,168.0,190.0,185.0,325.0,304.0,105.0,33.0
8722,0,,115.0,170.0,193.0,186.0,325.0,309.0,105.0,33.0
8722,0,,115.0,172.0,195.0,187.0,325.0,305.0,105.0,33.0
8722,0,,116.0,172.0,196.0,189.0,325.0,307.0,105.0,33.0
8722,0,,116.0,172.0,197.0,190.0,324.0,311.0,105.0,33.0
8722,0,,116.0,171.0,197.0,191.0,325.0,310.0,105.0,33.0
8722,0,,116.0,171.0,196.0,192.0,325.0,312.0,105.0,33.0
8722,0,,116.0,172.0,197.0,192.0,325.0,315.0,105.0,33.0
8722,0,,116.0,172.0,197.0,192.0,325.0,315.0,105.0,33.0
8722,0,,117.0,172.0,198.0,192.0,325.0,314.0,105.0,33.0
8722,0,,117.0,171.0,199.0,192.0,324.0,316.0,105.0,33.0
8722,0,,117.0,171.0,199.0,193.0,325.0,316.0,105.0,33.0
8722,0,,118.0,172.0,200.0,194.0,325.0,315.0,105.0,33.0
8722,0,,117.0,173.0,199.0,195.0,325.0,314.0,105.0,33.0
8722,0,,116.0,171.0,198.0,195.0,325.0,315.0,105.0,33.0
8722,0,,116.0,171.0,196.0,195.0,325.0,314.0,105.0,33.0
8722,0,,117.0,172.0,196.0,195.0,324.0,313.0,105.0,33.0
8722,0,,118.0,172.0,197.0,194.0,325.0,314.0,105.0,34.0
8722,0,,116.0,171.0,196.0,194.0,325.0,322.0,105.0,34.0
8722,0,,117.0,175.0,194.0,194.0,325.0,310.0,105.0,33.0
8722,0,,117.0,176.0,194.0,194.0,325.0,309.0,105.0,33.0
8722,0,,115.0,172.0,195.0,194.0,325.0,311.0,104.0,33.0
8722,0,,115.0,172.0,194.0,194.0,325.0,307.0,105.0,33.0
8917,0,,102.0,183.0,189.0,301.0,329.0,365.0,110.0,31.0
8917,0,,102.0,183.0,189.0,300.0,330.0,367.0,110.0,31.0
8917,0,,102.0,183.0,189.0,301.0,329.0,367.0,110.0,32.0
8917,0,,102.0,183.0,190.0,302.0,329.0,368.0,110.0,31.0
8917,0,,102.0,183.0,191.0,302.0,329.0,368.0,110.0,31.0
8917,0,,102.0,183.0,191.0,302.0,329.0,365.0,110.0,31.0
8917,0,,102.0,183.0,191.0,302.0,329.0,364.0,110.0,31.0
8917,0,,102.0,183.0,191.0,302.0,329.0,364.0,110.0,31.0
8917,0,,102.0,183.0,190.0,302.0,329.0,356.0,110.0,31.0
8917,0,,102.0,183.0,190.0,301.0,329.0,364.0,110.0,31.0
8917,0,,105.0,183.0,190.0,301.0,329.0,360.0,110.0,31.0
8917,0,,105.0,183.0,190.0,301.0,329.0,361.0,110.0,31.0
8917,0,,105.0,183.0,190.0,301.0,329.0,357.0,110.0,31.0
8917,0,,105.0,183.0,189.0,300.0,329.0,367.0,110.0,31.0
8917,0,,105.0,183.0,189.0,300.0,329.0,365.0,110.0,32.0
8917,0,,106.0,183.0,190.0,300.0,330.0,367.0,110.0,32.0
8917,0,,107.0,183.0,189.0,300.0,329.0,363.0,110.0,31.0
8917,0,,106.0,183.0,190.0,300.0,329.0,364.0,110.0,31.0
8917,0,,105.0,183.0,190.0,300.0,329.0,366.0,110.0,31.0
8917,0,,107.0,183.0,189.0,299.0,329.0,365.0,110.0,31.0
8917,0,,106.0,183.0,190.0,300.0,329.0,366.0,110.0,31.0
8917,0,,105.0,183.0,190.0,301.0,329.0,364.0,110.0,31.0
8917,0,,105.0,183.0,189.0,301.0,329.0,364.0,110.0,31.0
8917,0,,108.0,183.0,190.0,301.0,330.0,365.0,110.0,31.0
8917,0,,105.0,183.0,190.0,301.0,329.0,366.0,110.0,31.0
8917,0,,105.0,183.0,190.0,302.0,329.0,366.0,110.0,31.0
8917,0,,106.0,183.0,190.0,302.0,329.0,365.0,110.0,31.0
8917,0,,105.0,183.0,190.0,302.0,329.0,366.0,110.0,31.0
8917,0,,104.0,183.0,190.0,302.0,330.0,364.0,110.0,31.0
8917,0,,105.0,183.0,189.0,300.0,329.0,362.0,110.0,31.0
8917,0,,106.0,183.0,189.0,301.0,329.0,365.0,110.0,31.0
8917,0,,105.0,183.0,190.0,302.0,329.0,366.0,110.0,31.0
8917,0,,106.0,183.0,190.0,302.0,329.0,367.0,110.0,31.0
8917,0,,105.0,183.0,190.0,303.0,330.0,369.0,110.0,31.0
8917,0,,106.0,184.0,190.0,303.0,329.0,367.0,110.0,31.0
8917,0,,105.0,184.0,191.0,304.0,329.0,366.0,110.0,31.0
8917,0,,109.0,184.0,191.0,304.0,329.0,365.0,110.0,31.0
8917,0,,106.0,184.0,191.0,304.0,329.0,368.0,110.0,31.0
8917,0,,106.0,184.0,191.0,305.0,329.0,367.0,110.0,31.0
8917,0,,106.0,184.0,190.0,304.0,329.0,366.0,110.0,31.0
8917,0,,106.0,184.0,191.0,304.0,329.0,357.0,110.0,31.0
8917,0,,105.0,184.0,191.0,305.0,329.0,361.0,110.0,31.0
8917,0,,104.0,178.0,172.0,266.0,329.0,308.0,110.0,31.0
8917,0,,103.0,178.0,178.0,277.0,329.0,339.0,110.0,31.0
8917,0,,103.0,179.0,183.0,285.0,329.0,357.0,110.0,31.0
8917,0,,104.0,181.0,186.0,291.0,329.0,363.0,110.0,31.0
8917,0,,103.0,181.0,187.0,294.0,329.0,366.0,110.0,31.0
8917,0,,104.0,182.0,188.0,296.0,329.0,366.0,110.0,31.0
8917,0,,105.0,182.0,188.0,298.0,329.0,354.0,110.0,31.0
8917,0,,104.0,183.0,189.0,300.0,329.0,356.0,110.0,31.0
8917,0,,106.0,183.0,189.0,301.0,329.0,364.0,110.0,31.0
8917,0,,106.0,183.0,189.0,301.0,329.0,366.0,110.0,31.0
8917,0,,103.0,183.0,190.0,301.0,329.0,368.0,110.0,31.0
8917,0,,104.0,183.0,190.0,300.0,329.0,368.0,110.0,32.0
8917,0,,101.0,183.0,190.0,301.0,329.0,366.0,110.0,32.0
8917,0,,103.0,183.0,190.0,301.0,329.0,368.0,110.0,32.0
8917,0,,103.0,183.0,189.0,300.0,330.0,383.0,110.0,31.0
8917,0,,103.0,183.0,188.0,299.0,329.0,376.0,110.0,32.0
8917,0,,103.0,183.0,188.0,299.0,330.0,381.0,110.0,31.0
8917,0,,104.0,183.0,189.0,300.0,329.0,378.0,110.0,32.0
8917,0,,104.0,183.0,189.0,301.0,329.0,371.0,110.0,31.0
8917,0,,103.0,183.0,190.0,302.0,329.0,369.0,110.0,31.0
8917,0,,102.0,183.0,190.0,303.0,329.0,370.0,110.0,31.0
8917,0,,102.0,184.0,190.0,304.0,329.0,368.0,110.0,31.0
8917,0,,102.0,183.0,190.0,304.0,329.0,369.0,110.0,31.0
8917,0,,104.0,184.0,190.0,304.0,329.0,368.0,110.0,31.0
8917,0,,102.0,184.0,191.0,304.0,329.0,371.0,110.0,31.0
8917,0,,103.0,184.0,191.0,305.0,330.0,368.0,110.0,31.0
8917,0,,102.0,184.0,191.0,304.0,330.0,370.0,110.0,31.0
8917,0,,102.0,184.0,191.0,304.0,329.0,373.0,110.0,31.0
8917,0,,102.0,184.0,191.0,304.0,329.0,369.0,110.0,31.0
8917,0,,102.0,184.0,191.0,304.0,329.0,370.0,110.0,31.0
8917,0,,103.0,184.0,191.0,305.0,329.0,369.0,110.0,31.0
8917,0,,103.0,184.0,191.0,305.0,329.0,370.0,110.0,31.0
8917,0,,102.0,184.0,191.0,306.0,329.0,369.0,110.0,31.0
8917,0,,102.0,184.0,191.0,305.0,329.0,370.0,110.0,31.0
8917,0,,103.0,184.0,191.0,304.0,330.0,370.0,110.0,31.0
8917,0,,103.0,184.0,191.0,304.0,329.0,368.0,110.0,32.0
8917,0,,103.0,184.0,191.0,304.0,329.0,370.0,110.0,31.0
8917,0,,104.0,184.0,191.0,303.0,329.0,368.0,110.0,31.0
8917,0,,104.0,184.0,191.0,304.0,329.0,369.0,110.0,31.0
8917,0,,104.0,184.0,191.0,303.0,329.0,369.0,110.0,31.0
8917,0,,105.0,184.0,191.0,303.0,329.0,369.0,110.0,31.0
8917,0,,104.0,184.0,191.0,303.0,329.0,370.0,110.0,31.0
8917,0,,105.0,184.0,191.0,303.0,329.0,368.0,110.0,31.0
8917,0,,105.0,184.0,191.0,303.0,329.0,367.0,110.0,31.0
8917,0,,104.0,184.0,190.0,302.0,330.0,367.0,110.0,31.0
8917,0,,103.0,184.0,190.0,302.0,329.0,360.0,110.0,31.0
8917,1,num__Coolant_temperature,102.0,174.0,162.0,254.0,330.0,282.0,110.0,31.0
8917,0,,104.0,174.0,172.0,269.0,330.0,325.0,110.0,31.0
8917,0,,103.0,177.0,178.0,279.0,329.0,344.0,110.0,31.0
8917,0,,103.0,178.0,181.0,284.0,329.0,352.0,110.0,31.0
8917,0,,103.0,179.0,183.0,289.0,329.0,356.0,110.0,31.0
8917,0,,104.0,180.0,185.0,291.0,329.0,362.0,110.0,31.0
8917,0,,107.0,180.0,185.0,293.0,329.0,358.0,110.0,31.0
8917,0,,104.0,181.0,186.0,295.0,329.0,354.0,110.0,31.0
8917,0,,106.0,181.0,186.0,297.0,329.0,359.0,110.0,31.0
8917,0,,107.0,181.0,187.0,297.0,329.0,356.0,110.0,31.0
8917,0,,106.0,182.0,187.0,297.0,329.0,359.0,110.0,31.0
8917,0,,105.0,182.0,188.0,299.0,329.0,364.0,110.0,31.0
8917,0,,106.0,182.0,188.0,300.0,329.0,364.0,110.0,31.0
8917,0,,107.0,182.0,188.0,300.0,329.0,366.0,110.0,31.0
8917,0,,105.0,182.0,189.0,300.0,329.0,357.0,110.0,31.0
8917,0,,105.0,183.0,189.0,301.0,329.0,357.0,110.0,31.0
8917,0,,105.0,182.0,187.0,297.0,330.0,353.0,110.0,31.0
8917,0,,106.0,182.0,187.0,298.0,330.0,358.0,110.0,31.0
8917,0,,106.0,182.0,188.0,299.0,329.0,364.0,110.0,31.0
8917,0,,106.0,183.0,189.0,301.0,329.0,360.0,110.0,31.0
8917,1,num__cast_pressure,46.0,150.0,126.0,152.0,330.0,159.0,37.0,32.0
8917,1,num__sleeve_temperature,96.0,154.0,140.0,187.0,330.0,254.0,110.0,32.0
8917,1,num__sleeve_temperature,103.0,161.0,156.0,218.0,330.0,304.0,110.0,31.0
8917,0,,104.0,165.0,164.0,238.0,329.0,324.0,110.0,31.0
8917,0,,103.0,168.0,170.0,251.0,330.0,340.0,110.0,31.0
8917,0,,103.0,171.0,174.0,261.0,329.0,346.0,110.0,31.0
8917,0,,103.0,173.0,176.0,269.0,329.0,355.0,110.0,31.0
8917,0,,102.0,174.0,179.0,275.0,329.0,349.0,110.0,31.0
8917,0,,101.0,175.0,180.0,279.0,329.0,355.0,110.0,31.0
8917,0,,101.0,176.0,181.0,283.0,329.0,357.0,110.0,31.0
8917,0,,101.0,177.0,183.0,285.0,329.0,358.0,110.0,31.0
8917,0,,102.0,178.0,183.0,287.0,329.0,360.0,110.0,31.0
8917,0,,102.0,178.0,184.0,289.0,329.0,361.0,110.0,31.0
8917,0,,103.0,178.0,185.0,291.0,330.0,348.0,110.0,31.0
8917,0,,103.0,179.0,185.0,293.0,329.0,355.0,110.0,31.0
8917,0,,102.0,179.0,186.0,294.0,329.0,358.0,110.0,31.0
8917,0,,103.0,180.0,186.0,295.0,329.0,361.0,110.0,31.0
8917,0,,102.0,180.0,186.0,296.0,329.0,364.0,110.0,31.0
8917,0,,102.0,180.0,187.0,297.0,329.0,365.0,110.0,31.0
8917,0,,103.0,180.0,187.0,297.0,329.0,365.0,110.0,31.0
8917,0,,105.0,180.0,187.0,297.0,329.0,366.0,110.0,31.0
8917,0,,103.0,181.0,187.0,297.0,330.0,364.0,110.0,31.0
8917,0,,103.0,181.0,187.0,297.0,329.0,369.0,110.0,31.0
8917,0,,103.0,181.0,187.0,297.0,329.0,362.0,110.0,31.0
8917,0,,105.0,181.0,188.0,299.0,329.0,363.0,110.0,31.0
8917,0,,102.0,176.0,171.0,269.0,330.0,309.0,110.0,31.0
8917,0,,104.0,176.0,177.0,278.0,329.0,342.0,110.0,31.0
8917,0,,102.0,178.0,182.0,286.0,329.0,357.0,110.0,31.0
8917,0,,101.0,178.0,183.0,289.0,330.0,373.0,110.0,31.0
8917,0,,103.0,179.0,184.0,290.0,329.0,363.0,110.0,31.0
8917,0,,103.0,180.0,186.0,293.0,329.0,365.0,110.0,31.0
8917,0,,103.0,180.0,187.0,294.0,329.0,365.0,110.0,31.0
8917,0,,102.0,181.0,187.0,295.0,330.0,366.0,110.0,31.0
8917,0,,103.0,181.0,187.0,296.0,329.0,364.0,110.0,31.0
8917,0,,103.0,181.0,187.0,297.0,329.0,366.0,110.0,31.0
8917,0,,104.0,181.0,187.0,297.0,329.0,361.0,110.0,31.0
8917,0,,103.0,181.0,188.0,297.0,329.0,357.0,110.0,31.0
8917,0,,103.0,181.0,188.0,297.0,329.0,358.0,110.0,31.0
8917,0,,103.0,181.0,187.0,296.0,329.0,356.0,110.0,31.0
8917,0,,103.0,181.0,187.0,296.0,329.0,363.0,110.0,31.0
8917,0,,102.0,181.0,188.0,297.0,330.0,362.0,110.0,31.0
8917,0,,103.0,181.0,188.0,297.0,329.0,363.0,110.0,31.0
8917,0,,103.0,181.0,188.0,298.0,330.0,364.0,110.0,31.0
8917,0,,103.0,181.0,188.0,298.0,329.0,361.0,110.0,32.0
8917,0,,102.0,181.0,187.0,295.0,330.0,356.0,110.0,32.0
8917,0,,103.0,181.0,187.0,296.0,329.0,357.0,110.0,32.0
8917,0,,104.0,181.0,188.0,297.0,330.0,362.0,110.0,32.0
8917,0,,103.0,182.0,188.0,298.0,329.0,362.0,110.0,31.0
8917,0,,104.0,182.0,188.0,299.0,329.0,363.0,110.0,31.0
8917,0,,103.0,182.0,188.0,298.0,329.0,365.0,110.0,32.0
8917,0,,102.0,182.0,188.0,299.0,329.0,367.0,110.0,31.0
8917,0,,103.0,182.0,189.0,299.0,329.0,364.0,110.0,31.0
8917,0,,102.0,182.0,189.0,299.0,330.0,363.0,110.0,31.0
8917,0,,102.0,182.0,189.0,299.0,329.0,358.0,110.0,31.0
8917,0,,102.0,182.0,189.0,300.0,329.0,358.0,110.0,31.0
8917,0,,102.0,182.0,189.0,300.0,330.0,352.0,110.0,31.0
8917,0,,102.0,182.0,189.0,300.0,330.0,355.0,110.0,31.0
8917,0,,103.0,183.0,189.0,300.0,329.0,357.0,110.0,31.0
8917,0,,103.0,182.0,189.0,300.0,330.0,360.0,110.0,31.0
8917,0,,102.0,182.0,189.0,300.0,329.0,363.0,110.0,31.0
8917,0,,102.0,182.0,190.0,301.0,329.0,363.0,110.0,31.0
8917,0,,102.0,183.0,190.0,301.0,329.0,362.0,110.0,31.0
8917,0,,102.0,183.0,190.0,301.0,329.0,358.0,110.0,31.0
8917,0,,102.0,183.0,190.0,301.0,329.0,359.0,110.0,31.0
8917,0,,102.0,183.0,190.0,302.0,329.0,351.0,110.0,31.0
8917,0,,102.0,183.0,190.0,302.0,330.0,350.0,110.0,31.0
8917,0,,102.0,183.0,190.0,302.0,329.0,357.0,110.0,31.0
8917,0,,101.0,183.0,190.0,301.0,329.0,361.0,110.0,31.0
8917,0,,102.0,183.0,190.0,301.0,330.0,360.0,110.0,31.0
8917,0,,103.0,183.0,189.0,301.0,329.0,361.0,110.0,31.0
8917,0,,103.0,183.0,190.0,301.0,329.0,358.0,110.0,31.0
8917,0,,102.0,183.0,190.0,301.0,329.0,354.0,110.0,31.0
8917,0,,102.0,183.0,190.0,301.0,329.0,362.0,110.0,31.0
8917,0,,102.0,183.0,190.0,302.0,329.0,361.0,110.0,31.0
8917,0,,102.0,183.0,190.0,301.0,330.0,364.0,110.0,31.0
8917,0,,102.0,183.0,190.0,301.0,330.0,367.0,110.0,31.0
8917,0,,102.0,183.0,190.0,302.0,329.0,367.0,110.0,31.0
8917,0,,102.0,183.0,190.0,302.0,329.0,367.0,110.0,31.0
8917,0,,103.0,183.0,190.0,302.0,329.0,369.0,110.0,31.0
8917,0,,102.0,183.0,188.0,299.0,329.0,364.0,110.0,31.0
8917,0,,102.0,183.0,189.0,300.0,330.0,368.0,110.0,31.0
8917,0,,102.0,183.0,189.0,301.0,329.0,366.0,110.0,31.0
8917,0,,102.0,183.0,190.0,301.0,330.0,366.0,110.0,31.0
8917,0,,102.0,183.0,190.0,302.0,330.0,366.0,110.0,31.0
8917,0,,102.0,183.0,190.0,302.0,330.0,363.0,110.0,31.0
8917,0,,102.0,183.0,190.0,302.0,329.0,365.0,110.0,31.0
8917,0,,103.0,183.0,190.0,303.0,330.0,367.0,110.0,31.0
8917,0,,102.0,183.0,190.0,303.0,329.0,370.0,110.0,31.0
8917,0,,102.0,183.0,190.0,303.0,329.0,363.0,110.0,31.0
8917,0,,102.0,183.0,190.0,303.0,329.0,365.0,110.0,31.0
8917,0,,102.0,183.0,190.0,303.0,329.0,363.0,110.0,31.0
8917,0,,102.0,183.0,190.0,302.0,329.0,370.0,110.0,31.0
